title,url,keywords,time,point
美情报机构：俄乌冲突节奏已放慢并将持续数月,https://www.163.com/dy/article/HNO47JTH0514R9L4.htmlurl,,12/04/2022 10:36:04,81
马克龙:若普京同意谈判 西方应考虑如何回应俄需求,https://www.163.com/dy/article/HNNTSQGJ0514R9OJ.htmlurl,,12/04/2022 09:20:23,81
叙媒：土耳其在叙利亚非法驻军炮击叙村庄,https://www.163.com/dy/article/HNNSAV9O0514R9KQ.htmlurl,,12/04/2022 08:18:06,81
战备不停歇！深海“猎鲨”人，搜捕水下“幽灵”,https://www.163.com/dy/article/HNNS40780514R9OJ.htmlurl,,12/04/2022 08:14:17,81
载有美军事装备的火车在希腊脱轨 开往乌克兰的？,https://www.163.com/dy/article/HNO392CA0530WJIN.htmlurl,,12/04/2022 10:19:23,80
俄乌双方继续打击对方的军事目标,https://www.163.com/dy/article/HNNU67C30514R9NP.htmlurl,,12/04/2022 08:50:28,80
埃尔多安：将沿土耳其南部边境建立安全区,https://www.163.com/dy/article/HNNOIO0K0534A4SC.htmlurl,,12/04/2022 07:12:27,80
环球:白宫接待马克龙的华丽场面 连创可贴都算不上,https://www.163.com/dy/article/HNKC4BQU0514R9OJ.htmlurl,,12/03/2022 08:29:42,80
朝鲜半岛局势趋紧 专家：控制不好或有冲突风险,https://www.163.com/dy/article/HNL4N0U40514R9P4.htmlurl,,12/03/2022 06:47:04,80
日本三大安保文件修订在即 日媒透露重大变化,https://www.163.com/dy/article/HNKBE5JI0514EGPO.htmlurl,,12/02/2022 23:25:31,80
中俄战略轰炸机联合巡航后 韩国做出一个重要决定,https://www.163.com/dy/article/HNK7ANLC0514R9OJ.htmlurl,,12/02/2022 22:17:04,80
美国新一代B-21轰炸机首次对外公开,https://www.163.com/news/article/HNLE8MJE0001899N.htmlurl,轰炸机 美国空军 ,12/03/2022 09:33:42,99
美国核掩体都在哪里？美媒披露,https://www.163.com/dy/article/HNJQIKDO0514BQ68.htmlurl,,12/02/2022 19:49:10,86
美媒：马克龙送拜登4件礼物 后者回赠定制镜子等,https://www.163.com/dy/article/HNJM1J4A0514R9OJ.htmlurl,,12/02/2022 17:42:48,85
俄军空军基地被乌军空袭卫星照曝光,https://war.163.com/photoview/4T8E0001/2314198.htmlurl,俄罗斯 轰炸机 无人机 ,12/07/2022 09:32:32,99
“西方制裁没有影响俄军生产导弹”,https://www.163.com/dy/article/HO09EEDR051481US.htmlurl,,12/07/2022 14:41:06,86
乌军方展示俄Kh-55巡航导弹碎片：可挂核弹,https://www.163.com/dy/article/HNIT1LLD0514R9P4.htmlurl,,12/02/2022 09:54:35,81
美军基地坦克运输车脱轨 砸破厂房,https://war.163.com/photoview/4T8E0001/2314188.htmlurl,美国 坦克 脱轨 ,12/02/2022 09:27:14,81
美国林肯号航空母舰发生火灾 9名船员受伤,https://www.163.com/news/article/HNIQIC9G0001899O.htmlurl,美国航母 林肯 军舰 ,12/02/2022 09:10:59,81
媒体：俄乌战局有变 乌大反攻准备深入俄境内？,https://www.163.com/dy/article/HO011LII0550A0OW.htmlurl,,12/07/2022 12:14:18,86
首批波兰购买的韩国K2坦克和K9榴弹炮已经运抵,https://war.163.com/photoview/4T8E0001/2314199.htmlurl,韩国 K2 坦克 ,12/07/2022 09:41:31,86
俄罗斯真敢打西方卫星吗？,https://www.163.com/dy/article/HNVK5AJ0051481US.htmlurl,,12/07/2022 08:29:07,86
专家：日本新安保战略对中日关系负面冲击巨大,https://www.163.com/dy/article/HNIL0UBL0514R9OJ.htmlurl,,12/02/2022 07:34:05,81
乌官员称乌军阵亡人数不超过1.3万人,https://www.163.com/dy/article/HNIKEKO20514R9OJ.htmlurl,,12/02/2022 07:24:05,81
针对马斯克的和平提议，泽连斯基怼了回去,https://www.163.com/dy/article/HNHL37NU0514BQ68.htmlurl,,12/01/2022 22:16:05,81
俄罗斯宣称所有导弹部队换装新型导弹系统,https://www.163.com/dy/article/HNJFS64B0514R9OJ.htmlurl,,12/02/2022 15:23:20,80
美国男子持突击步枪冲进警局袭警 局长愤怒,https://www.163.com/dy/article/HNVO8EU80514R9OJ.htmlurl,,12/07/2022 09:40:45,81
俄本土军用设施遭大规模袭击 乌克兰怎么做到的？,https://www.163.com/dy/article/HNVI8QSE0552G199.htmlurl,,12/07/2022 07:57:42,81
俄军事专家：英国或参与袭击俄军用机场,https://www.163.com/dy/article/HNUKGJ9B0512B07B.htmlurl,,12/07/2022 07:18:35,81
“美国只剩委内瑞拉这张牌了”,https://www.163.com/news/article/HNJAE21T00018AP2.htmlurl,委内瑞拉 美国 马杜罗 ,12/02/2022 13:37:02,60
中俄实施例行联合空中战略巡航,https://www.163.com/dy/article/HNJ9CPFV0514BQ68.htmlurl,,12/02/2022 13:30:32,80
俄媒：乌克兰将禁止境内涉俄宗教组织活动,https://www.163.com/dy/article/HNJ2TR8T0514BQ68.htmlurl,,12/02/2022 11:37:03,80
中俄军机首次在对方机场降落,https://www.163.com/dy/article/HNGUK25V05504DPG.htmlurl,,12/02/2022 11:17:56,80
美防长：计划在澳大利亚轮换部署轰炸机,https://www.163.com/dy/article/HO0A13GH051481US.htmlurl,,12/07/2022 14:51:18,80
印尼万隆市警察局遭自杀式炸弹袭击 已致2死8伤,https://www.163.com/dy/article/HO09GOR00514R9OJ.htmlurl,,12/07/2022 14:42:22,80
美防长：不会妨碍乌“研制”远程攻击武器,https://www.163.com/dy/article/HO02VE9F0514BQ68.htmlurl,,12/07/2022 12:48:03,80
俄媒：意大利防长称年底前不再向乌克兰提供新军援,https://www.163.com/dy/article/HO01P0BI0514BQ68.htmlurl,,12/07/2022 12:27:04,80
外交部：若搞针对中国的“经济版北约”将非常危险,https://www.163.com/news/article/HB9BGBHS00018AOQ.htmlurl,北约 外交部 非常危险 ,07/02/2022 13:20:00,60
中澳领导人会晤，他们“松了一口气”,https://www.163.com/news/article/HN9R1N2E00018AOQ.htmlurl,领导人会晤 中澳 外交 ,11/28/2022 21:25:12,60
加拿大的“印太战略”也来了，近50次提及中国，说了什么？,https://www.163.com/news/article/HN9MDCV100018AP2.htmlurl,加拿大 加拿大政府 外交 ,11/28/2022 20:00:40,60
人事：三省“一把手”同时履新，他们有一个共同点,https://www.163.com/news/article/HO0NGRQ900018AP2.htmlurl,常委 胡昌升 易炼红 ,12/07/2022 18:45:47,60
德国部分武器系统弹药库存只够打“几小时”,https://www.163.com/dy/article/HNJ0AE35051481US.htmlurl,,12/02/2022 10:51:30,80
俄媒：美正考虑将NASAMS导弹从中东转移至乌克兰,https://www.163.com/dy/article/HNIUO5U50514BQ68.htmlurl,,12/02/2022 10:24:03,80
拜登，白跑一趟?,https://www.163.com/news/article/HCHPOO5J00018AOQ.htmlurl,拜登 美国政府 沙特 ,07/18/2022 06:43:41,60
美国批准向韩国出售价值15亿美元的CH-47直升机,https://www.163.com/dy/article/HNVNMMRP0514BQ68.htmlurl,,12/07/2022 09:31:03,80
俄媒：加拿大允许长期居留的外国人参军,https://www.163.com/dy/article/HNVN4HQ90514BQ68.htmlurl,,12/07/2022 09:21:08,80
中科院院士曾益新明确为正部级，曾怒斥美国“甩锅”，和莫言等人被总理请进过中南海,https://www.163.com/news/article/HB75813Q00018AOQ.htmlurl,曾益新 莫言 院士 ,07/01/2022 17:17:12,60
网友举报后，副局长被官宣免职,https://www.163.com/news/article/HAUSLEBJ00018AOQ.htmlurl,副局长 纪委 市水利局 ,06/28/2022 12:13:23,60
金正恩连续两次携女儿亮相，引发“接班人”猜测,https://www.163.com/news/article/HN9MDA7M00018AP2.htmlurl,金正恩 核武器 朝鲜 ,11/28/2022 20:00:15,60
7天3位国家元首访华！今起来访的他，首次以这个身份来到中国,https://www.163.com/news/article/HN5O7VME00018AP2.htmlurl,中国 外交 蒙古 ,11/27/2022 07:11:03,60
欧洲理事会主席米歇尔拟下周访华，欧方：一个及时的接触机会,https://www.163.com/news/article/HN1V5EHF00018AOQ.htmlurl,米歇尔·奥巴马 欧洲 欧盟 ,11/25/2022 20:03:08,60
苏格兰独立公投计划被否，“C计划”能成功吗？,https://www.163.com/news/article/HMV36FP700018AP2.htmlurl,苏格兰 苏格兰政府 工党 ,11/24/2022 17:12:09,60
38位省级领导现场办公！接访现场，省委书记：有什么问题敞开讲,https://www.163.com/news/article/HNJ6P1TI00018AP2.htmlurl,安徽 省委书记 王清宪 ,12/02/2022 12:36:42,60
驻日美军F35发生事故：跑道上摇摇晃晃 机头砸地,https://www.163.com/dy/article/HNIRLP8E0514R9OJ.htmlurl,,12/02/2022 09:30:19,80
俄空天军成功试射新型导弹防御武器,https://www.163.com/dy/article/HNIP70MM0514R9OJ.htmlurl,,12/02/2022 08:47:18,80
变盾为矛？日媒：日本防卫政策或现“重大转向”,https://www.163.com/dy/article/HNHLP3ME0514BQ68.htmlurl,,12/01/2022 22:28:02,80
俄媒：北约秘书长称要扩大在东欧的存在,https://www.163.com/dy/article/HNJE1O440514R9OJ.htmlurl,,12/02/2022 14:51:25,79
8人拿到“入场券”，谁会成为英国新首相？,https://www.163.com/news/article/HC64334D00018AP2.htmlurl,工党 英国议会 保守党 ,07/13/2022 17:47:06,60
澳大利亚总理声称：不会回应中方就改善关系提出的建议,https://www.163.com/news/article/HC2OMJ1900018AP1.htmlurl,澳大利亚 中澳 外交部 ,07/12/2022 10:30:16,60
中国三大航司订购292架空客飞机后，美国波音公司果然坐不住了,https://www.163.com/news/article/HB97LNFB00018AOR.htmlurl,波音公司 空中客车公司 ,07/02/2022 12:33:00,60
美民调：多数美国人认为国家前进方向错误，“糟糕的”经济拉低拜登支持率,https://www.163.com/news/article/HB4G3CU600018AP2.htmlurl,拜登 共和党 民主党 ,06/30/2022 16:26:08,60
俄媒：俄副外长表态 回应马克龙“安全保障”提议,https://www.163.com/dy/article/HNVH2GFK0514R9OJ.htmlurl,,12/07/2022 07:35:09,80
波兰防长：德国提供的防空系统不会部署在乌克兰,https://www.163.com/dy/article/HNVF821I0514R9OJ.htmlurl,,12/07/2022 07:03:14,80
两名“70后”央企高管转任副省级城市领导,https://www.163.com/news/article/HAU7N2UM00018AOQ.htmlurl,周舟 70后 国资委 ,06/28/2022 06:07:17,60
谁是钱七虎？“消失”16年“修长城”，还在珠海搞出“天下第一爆”！,https://www.163.com/news/article/HASE7HSN00018AOQ.htmlurl,钱七虎 院士 教授 ,06/27/2022 13:22:42,60
世界杯上迎来“高光时刻”，沙特王储正重回国际舞台？,https://www.163.com/news/article/HMSJM8VO00018AOQ.htmlurl,沙特 世界杯 拜登 ,11/23/2022 18:06:29,60
大学校长受贿超1500万元腐败细节披露：在私企食堂搞“一桌餐”,https://www.163.com/news/article/HNJ0SDRI00018AP2.htmlurl,受贿 犯罪 广西科技大学 ,12/02/2022 10:59:49,60
韩国一架直升机因强风坠落 飞行员成功逃生,https://www.163.com/dy/article/HNJDFF7I0514R9OJ.htmlurl,,12/02/2022 14:41:27,79
美军火巨头：美国将把中东国家的此武器调给乌克兰,https://www.163.com/dy/article/HNJB0R19051481US.htmlurl,,12/02/2022 13:58:30,79
外媒：俄乌各有50名战俘1日获释从对方控制区返回,https://www.163.com/dy/article/HNJ142VO0514R9P4.htmlurl,,12/02/2022 11:05:49,79
英媒：俄罗斯驻华盛顿大使馆附近发现“可疑包裹”,https://www.163.com/dy/article/HNIV7DHC0514R9OJ.htmlurl,,12/02/2022 10:32:21,79
俄罗斯图95战略轰炸机首次降落中国,https://war.163.com/photoview/4T8E0001/2314185.htmlurl,俄罗斯 图95 轰炸机 ,12/01/2022 09:18:22,99
CNN：“芬瑞入约”是美国“外交努力”了六个月的结果,https://www.163.com/news/article/HB1JK3SU00018AP1.htmlurl,拜登 ,06/29/2022 13:31:48,60
俄乌冲突后首次出访，普京即将开启中亚之行有何深意？,https://www.163.com/news/article/HASTHDBU00018AOQ.htmlurl,普京 俄乌冲突 中亚 ,06/27/2022 17:50:12,60
两名美国雇佣兵在顿巴斯地区被俘后，泽连斯基也出来发声了,https://www.163.com/news/article/HAO1119J00018AOR.htmlurl,泽连斯基 顿巴斯 美国 ,06/25/2022 20:09:00,60
谜团围绕＂俄本土机场遇袭＂ 暴露了俄军哪些问题？,https://www.163.com/dy/article/HNVELQ2O0514R9OJ.htmlurl,,12/07/2022 06:53:16,80
美国拟卖给台湾100枚最先进的＂爱国者＂ 导弹,https://www.163.com/dy/article/HNVE38EI0514R9OJ.htmlurl,,12/07/2022 06:43:08,80
俄两天内三座重要机场遭无人机袭击 冲突或升级,https://www.163.com/dy/article/HNVDF7980514R9OJ.htmlurl,,12/07/2022 06:32:12,80
三省市党委班子本周换届完成，10人新晋常委,https://www.163.com/news/article/HAGB793200018AP2.htmlurl,常委 吉林省委 湖北省委 ,06/22/2022 20:39:29,60
王蒙徽当选湖北省委书记！31岁即成为清华副教授,https://www.163.com/news/article/HADM7HEQ00018AP2.htmlurl,王蒙徽 省委书记 常委 ,06/21/2022 19:51:40,60
世界杯能否回本？卡塔尔算了笔“账”……,https://www.163.com/news/article/HMQE56CE00018AOQ.htmlurl,卡塔尔 世界杯 塞西 ,11/22/2022 21:51:18,60
美众议长候选人要建“中国特别委员会”，外媒：新迹象，老目标,https://www.163.com/news/article/HMNFRE5J00018AOQ.htmlurl,委员会 麦卡锡 共和党 ,11/21/2022 18:23:09,60
深度 本周，又有多位外国政要访华，他们为何接踵而至？,https://www.163.com/news/article/HN9QQG0100018AP2.htmlurl,中俄 习近平 蒙方 ,11/28/2022 21:21:47,60
神十五发射在即！57岁老将任指令长，有人备战24年，中国现役航天员一大纪录诞生…,https://www.163.com/news/article/HN8T49EK00018AOQ.htmlurl,神十五 航天员 指令长 ,11/28/2022 12:42:17,60
中纪委11月连打六虎！今年落马中管干部累计31人，超去年全年,https://www.163.com/news/article/HN69MET400018AP2.htmlurl,落马 张敬华 周江勇 ,11/27/2022 12:20:45,60
“造岛神器”归国！天鲸号在连云港投入航道建设,https://www.163.com/dy/article/HNGKSS6M0514R9OJ.htmlurl,,12/01/2022 12:53:23,86
印度反无人机猎鹰头上绑着摄像头,https://war.163.com/photoview/4T8E0001/2314186.htmlurl,印度 反无人机 摄像头 ,12/01/2022 09:27:59,86
美海军两艘军舰险些相撞：转弯前径直向对方驶去,https://www.163.com/dy/article/HNG4Q1DG0514R9OJ.htmlurl,,12/01/2022 08:12:12,86
G7、北约峰会前夕，美官员称：乌克兰战争没耽误我们关注中国,https://www.163.com/news/article/HAIBTUOB00018AP1.htmlurl,乌克兰 北约 拜登 ,06/23/2022 15:29:07,60
得克萨斯州共和党通过最新党纲：提议就“得州脱美”举行全民公投,https://www.163.com/news/article/HAF2MKOK00018AP1.htmlurl,共和党 得克萨斯州 得州 ,06/22/2022 08:50:21,60
俄国防部：又有60名获释俄军人从乌克兰回国,https://www.163.com/dy/article/HNUBDFPF0514BQ68.htmlurl,,12/06/2022 20:37:03,80
俄机场2天内3次遇袭 美方回应：与己无关,https://www.163.com/dy/article/HNVNORD0051481US.htmlurl,,12/07/2022 09:32:13,79
西媒：寒冷天气将全面影响俄乌两军,https://www.163.com/dy/article/HNVN4G210514BQ68.htmlurl,,12/07/2022 09:21:06,79
朝鲜连续实弹射击反制韩美军演,https://www.163.com/dy/article/HNVFS0TQ0514R9OJ.htmlurl,,12/07/2022 07:14:08,79
这个特殊的省部级单位迎来重磅人事！新任党委书记还曾到茅台宣布重要任命,https://www.163.com/news/article/HAAL8IK900018AP2.htmlurl,党委书记 常委 吐鲁番地委 ,06/20/2022 15:39:53,60
香港地标珍宝海鲜舫今日驶离香港，将“移居”东南亚,https://www.163.com/news/article/H9RAJ76300018AP1.htmlurl,海鲜 珍宝 香港 ,06/14/2022 16:42:51,60
安徽省政府副秘书长王诚被查，一个月前刚卸任世界500强企业董事长,https://www.163.com/news/article/H9P148MQ00018AOQ.htmlurl,王诚 安徽省政府 周春雨 ,06/13/2022 19:20:17,60
马斯克送上“大礼”，但特朗普为何不愿重返推特？,https://www.163.com/news/article/HMNA84F200018AOQ.htmlurl,唐纳德·特朗普 马斯克 ,11/21/2022 16:45:15,60
八十大寿低调庆生，年龄会阻碍拜登吗？,https://www.163.com/news/article/HMKQQL3G00018AOQ.htmlurl,拜登 唐纳德·特朗普 白宫 ,11/20/2022 17:37:16,60
德新版对华战略草案曝光，中国学者：最终版本将是德国内各方博弈结果,https://www.163.com/news/article/HMEJ29S100018AOR.htmlurl,德国 中国 欧盟 ,11/18/2022 07:26:12,60
李铁，被查,https://www.163.com/news/article/HN3GK25300019K82.htmlurl,李铁 国足 恒大队 ,11/26/2022 10:27:32,60
落马前夕仍受贿！政治问题和经济问题交织，彭波获刑14年,https://www.163.com/news/article/HMV80VS700018AP2.htmlurl,受贿 彭波 中央纪委 ,11/24/2022 18:37:07,60
中俄战机联合巡航 出动轰炸机,https://www.163.com/dy/article/HNF4T0I1051481US.htmlurl,,11/30/2022 22:54:35,86
阿伽·侯赛因：中国或许可以用一带一路倡议结束俄乌冲突,https://www.163.com/news/article/HA9R5B0800018AP1.htmlurl,一带一路 欧盟 停火 ,06/20/2022 08:01:33,60
北约秘书长一番话，西方小心思彻底暴露了！,https://www.163.com/news/article/H9QAAG9F00018AP2.htmlurl,北约 普京 斯托尔滕贝格 ,06/14/2022 07:19:09,60
乌军袭击俄军机场 图-22轰炸机被炸,https://war.163.com/photoview/4T8E0001/2314194.htmlurl,乌克兰 俄罗斯 图-22 ,12/06/2022 09:25:06,99
连线“香格里拉”这段话，中国防长魏凤和用了两个感叹号,https://www.163.com/news/article/H9MKCLIT00018AP2.htmlurl,魏凤和 拜登 帕内塔 ,06/12/2022 20:53:48,60
黑龙江大桥通车当日，俄驻华大使发声:俄中正在建桥而不是拆桥,https://www.163.com/news/article/H9HJ1B9P00018AOQ.htmlurl,杰尼索夫 中俄 驻华大使 ,06/10/2022 21:59:20,60
分析APEC多边舞台上的重磅双边外交：中日首脑时隔近三年首次面对面会谈,https://www.163.com/news/article/HMDIIEKP00018AOQ.htmlurl,中日 外交 首脑 ,11/17/2022 21:58:19,60
外媒：马克龙计划明年初访华，梅洛尼接受访华邀请，欧洲政要都想与中方会谈,https://www.163.com/news/article/HMDBOETR00018AOQ.htmlurl,马克龙 梅洛尼 欧洲 ,11/17/2022 19:59:13,60
台积电，正加速变成“美积电”？,https://www.163.com/news/article/HMT0C9Q300018AP2.htmlurl,台积电 美国 半导体 ,11/23/2022 21:47:09,60
分析 “习拜会”后中美防长会晤：两军关系走向恢复的信号,https://www.163.com/news/article/HMSQOSFA00018AP2.htmlurl,中美关系 魏凤和 两军 ,11/23/2022 20:07:23,60
外媒：伊朗判处四名以色列间谍死刑,https://www.163.com/dy/article/HNGJTF8G0514BQ68.htmlurl,,12/01/2022 12:36:13,81
深度 美国的两个“敌人”走到一起：伊朗和委内瑞拉签署20年合作协议,https://www.163.com/news/article/H9MLHI9J00018AP2.htmlurl,委内瑞拉 伊朗 美国 ,06/12/2022 21:13:18,60
画面曝光！俄方称两天内俄三座机场遭无人机袭击,https://www.163.com/dy/article/HNTKULTD0514R9OJ.htmlurl,,12/06/2022 14:04:29,86
俄总统普京驾车视察克里米亚大桥修复工作,https://www.163.com/dy/article/HNSUJ36S0514R9OJ.htmlurl,,12/06/2022 11:07:39,86
美国借“南海”议题大搞“环太军演”，26国海军参加，背后有何居心？,https://www.163.com/news/article/H9CB2NNC00018AP2.htmlurl,太军演 海军 美国 ,06/08/2022 21:03:53,60
日方预告中日领导人17日会晤，中方尚未确认，日本舆论关注什么,https://www.163.com/news/article/HM88EQG600018AP2.htmlurl,日本 中日 外交 ,11/15/2022 20:18:51,60
王勇被“双开”！先后在四套班子任职，出任政协主席3个多月后落马,https://www.163.com/news/article/HMNJENMP00018AOQ.htmlurl,王勇 纪委 宁夏回族自治区 ,11/21/2022 19:26:09,60
首次！联合巡航后，俄军战略轰炸机降落中国  ,https://www.163.com/dy/article/HNF4NPRV05504DPG.htmlurl,,12/01/2022 08:26:22,81
英媒称俄军停编营级战术群 实战证明无效,https://www.163.com/dy/article/HNG27J7O0514R9OJ.htmlurl,,12/01/2022 07:27:11,81
印度划定5000公里禁飞区：或发射远程导弹,https://www.163.com/dy/article/HNG22N76051481US.htmlurl,,12/01/2022 07:24:31,81
美媒：美国弹药武器供应链完全依赖从中国进口锑，国会议员寻求立法摆脱对华依赖,https://www.163.com/news/article/H9H5RUR400018AP1.htmlurl,美国 立法 国会议员 ,06/10/2022 18:08:19,60
消息人士称拜登本月或访沙特，要向沙特王储示好？,https://www.163.com/news/article/H8SP4VRD00018AP2.htmlurl,拜登 沙特 白宫 ,06/02/2022 19:58:59,60
美国V-280倾转旋翼机击败SB>1获得陆军订单,https://war.163.com/photoview/4T8E0001/2314196.htmlurl,美国 V280  SB>1 ,12/06/2022 09:38:27,86
陆航直升机训练 直-20正面太帅了,https://war.163.com/photoview/4T8E0001/2314195.htmlurl,陆航 直升机 直20 ,12/06/2022 09:30:09,86
日防卫省确认到中国海军舰艇编队进入太平洋 四舰编队中仅拍摄到两舰照片,https://www.163.com/news/article/H8RK62FG00018AP1.htmlurl,舰艇 中国海军 防卫省 ,06/02/2022 09:16:11,60
驻日本大使孔铉佑：中国到底是不是日本的威胁？这是日方必须回答清楚的根本性问题,https://www.163.com/news/article/H8Q6S00K00018AP1.htmlurl,孔铉佑 日本 外交 ,06/01/2022 19:47:07,60
深度 印度外长访问莫斯科，顶住西方压力称要继续“买俄油”,https://www.163.com/news/article/HLOSDDM200018AOQ.htmlurl,印度 莫斯科 拉夫罗夫 ,11/09/2022 21:06:15,60
谁会随美起舞搞“脱钩”？“一群白痴中最傻的人”,https://www.163.com/news/article/HLGCEVGI00018AOQ.htmlurl,德国 美国 拉姆 ,11/06/2022 13:53:35,60
山东一名“炒房”厅官被双开：多次通过高价售房搞权钱交易,https://www.163.com/news/article/HMMGE6BI00018AOQ.htmlurl,权钱交易 张军 受贿 ,11/21/2022 09:14:09,60
首次披露 空军上将许学强担任一个重要职务,https://www.163.com/dy/article/HNERV5NS051482MP.htmlurl,,11/30/2022 20:23:59,81
冲绳海岸现不明漂浮物？或暴露美航母新动向,https://www.163.com/news/article/H8SKQ5LU00018AP2.htmlurl,美军航母 冲绳 美军 ,06/02/2022 18:44:01,60
俄媒：俄军方确认军用机场遭袭 3名俄军人死亡,https://www.163.com/dy/article/HNT8CSD60514BQ68.htmlurl,,12/06/2022 10:25:03,81
美媒：美援助乌海马斯无法向俄境内发射远程火箭弹,https://www.163.com/dy/article/HNT421730514R9OJ.htmlurl,,12/06/2022 09:09:13,81
原中央候补委员张敬华被“双开”，系十九大后江苏第三“虎”,https://www.163.com/news/article/H8NIJC4100018AOQ.htmlurl,张敬华 江苏省委 杨卫泽 ,05/31/2022 19:31:26,60
德总理访华之际，德总统访问日韩，德媒：“德国政客们被亚洲吸引”,https://www.163.com/news/article/HLBTEJMK00018AP2.htmlurl,德国 欧盟 施泰因迈尔 ,11/04/2022 19:59:37,60
李家超不惧美国制裁参加APEC会议：香港已重返舞台，与世界联络,https://www.163.com/news/article/HMEE4QJT00018AOQ.htmlurl,李家超 香港 apec ,11/18/2022 06:00:12,60
波兰副防长称波兰参战可能性极高 目前正在做准备,https://www.163.com/dy/article/HNEAH63F0515CCSC.htmlurl,,11/30/2022 15:48:11,81
吉尔吉斯斯坦总统：俄方不再反对，商讨20多年的中吉乌铁路计划明年开工,https://www.163.com/news/article/H8QFK6PE00018AP1.htmlurl,吉尔吉斯斯坦 吉乌 铁路 ,06/01/2022 22:37:02,60
乌军突然袭击俄本土 普京亲自开车去了这里,https://www.163.com/dy/article/HNT2OUQR052182V3.htmlurl,,12/06/2022 08:48:58,81
俄称两军用机场遭乌克兰无人机袭击 两机受损,https://www.163.com/dy/article/HNSVOV66051481US.htmlurl,,12/06/2022 07:54:22,81
王毅在“基辛格与中美关系”研讨会上发表视频致辞,https://www.163.com/news/article/H8MKKU2000018AOQ.htmlurl,基辛格 王毅 中美关系 ,05/31/2022 10:47:59,60
惊人失误？致信敦促拜登与俄谈判后，民主党议员又撤回,https://www.163.com/news/article/HKKM3BCO00018AP2.htmlurl,拜登 民主党 共和党 ,10/26/2022 19:38:21,60
分析 抗议活动此起彼伏，欧洲怎么了？,https://www.163.com/news/article/HKD54OAP00018AOQ.htmlurl,欧洲 欧盟 马克龙 ,10/23/2022 21:32:15,60
距落马仅8个月，孙力军团伙又一“虎”受审，这些细节值得注意,https://www.163.com/news/article/HMDII41E00018AOQ.htmlurl,孙力军 落马 公安部 ,11/17/2022 21:58:08,60
跑官买官的老虎，与今年女首虎都曾任职此地！起诉书透露重要信息,https://www.163.com/news/article/HM7OHVSS00018AP2.htmlurl,陈家东 受贿罪 刘国强 ,11/15/2022 15:46:27,60
日媒：日本考虑未来5年购买500枚美制战斧导弹,https://www.163.com/dy/article/HNGRH1840514R9OJ.htmlurl,,12/01/2022 14:49:15,80
台媒爆台军采购大陆产训练用假人  台军方证实,https://www.163.com/dy/article/HNGQB2LP0514R9OJ.htmlurl,,12/01/2022 14:28:31,80
韩国军方重申：无意加入美反导系统,https://www.163.com/dy/article/HNGQAT9K0514R9OJ.htmlurl,,12/01/2022 14:28:25,80
冲上热搜！掏出一张“狗照”，日议员在国会上指责岸田是“资本家的狗”,https://www.163.com/news/article/H8Q86HA800018AOR.htmlurl,在野党 国会 资本家 ,06/01/2022 20:25:00,60
美军“闪电航母”停靠日本，又想搞什么事情？,https://www.163.com/news/article/H8PV6PA600018AP2.htmlurl,美军 战机 两栖舰 ,06/01/2022 17:46:22,60
美西方为什么不情愿给乌克兰＂爱国者＂？专家:太贵,https://www.163.com/dy/article/HNST9V3O0514R9OJ.htmlurl,,12/06/2022 07:11:13,81
英媒：为何堑壕战对现代战争依然重要？,https://www.163.com/dy/article/HNTJ52M70514BQ68.htmlurl,,12/06/2022 13:33:02,80
贝尔V-280中标 将取代美军现役“黑鹰”直升机,https://www.163.com/dy/article/HNTIN5AJ051481US.htmlurl,,12/06/2022 13:25:26,80
解放军军机台海巡航又有新动作，这次有些不一样,https://www.163.com/news/article/H8C7DO4P00018AOQ.htmlurl,解放军 空军 战斗机 ,05/27/2022 09:44:30,60
国家医保局回应背后：医保承担多少核酸检测费用？压力多大？,https://www.163.com/news/article/H8C0MTCQ00018AOQ.htmlurl,医保 医保局 医疗保险 ,05/27/2022 07:47:09,60
推特上又“互动”了！梅德韦杰夫回复马斯克：胜利日莫斯科见,https://www.163.com/news/article/HK9D6RNL00018AOR.htmlurl,梅德韦杰夫 马斯克 莫斯科 ,10/22/2022 10:36:11,60
“一个国家正在威胁沙特，这种欺凌是不正确的”,https://www.163.com/news/article/HK7PJ91O00018AOQ.htmlurl,沙特 石油输出国组织 ,10/21/2022 19:34:15,60
“已与国王陛下交谈…”辞职后，特斯拉发布首批推文，美法迅速回应！他不会是下一任首相？,https://www.163.com/news/article/HK6CT6G600018AOQ.htmlurl,英国首相 拜登 美国总统 ,10/21/2022 06:33:15,60
一周反腐看点：二十大后这个省已有至少10人落马，包括一只大“老虎” ,https://www.163.com/news/article/HM6VBK2B0001899O.htmlurl,辽宁 落马 刘国强 ,11/15/2022 08:28:05,60
宁夏厅官被“双开”，曾违规变更家庭成员民族成份,https://www.163.com/news/article/HM6QCFGN00018AP2.htmlurl,民族 宁夏 违纪 ,11/15/2022 06:50:31,60
李铁在大连被带走调查？知情人士回应,https://www.163.com/news/article/HM2P493000019SNS.htmlurl,李铁 国足 米卢 ,11/13/2022 17:11:35,60
豪掷2500亿元 日本准备同时开发10余种远程导弹,https://www.163.com/dy/article/HNGPMU46051481US.htmlurl,,12/01/2022 14:17:31,80
乌克兰官员威胁美国：不给远程火箭炮系统，就回以一场“示范性的歇斯底里”,https://www.163.com/news/article/H8NSA4H200018AP1.htmlurl,火箭炮 乌克兰 导弹 ,05/31/2022 22:20:56,60
美军“阉割”援乌海马斯：无法发射弹道导弹,https://www.163.com/dy/article/HNTHG8N3051481US.htmlurl,,12/06/2022 13:04:11,80
西班牙警方又拦截3个寄往乌使领馆的“血腥包裹”,https://www.163.com/dy/article/HNTFHNRV0514BQ68.htmlurl,,12/06/2022 12:30:02,80
俄军接收新一批苏-35战机,https://www.163.com/dy/article/HNTBUBIA0514BQ68.htmlurl,,12/06/2022 11:27:01,80
窝案？三位高管同日被查，这个“硕鼠”因一碗生日面全招了,https://www.163.com/news/article/H8886SFJ00018AP2.htmlurl,粮食局 贪腐 胡东胜 ,05/25/2022 20:39:50,60
台媒：面临内外交困之际，与中国友好是欧洲国家最佳选择,https://www.163.com/war/article/HK6CIBLO000181KN.htmlurl,欧洲 欧盟 中国 ,10/21/2022 06:27:18,60
习主席将在印尼与拜登会晤，美媒：管控中美分歧，元首外交无可替代,https://www.163.com/news/article/HLTO7F0L00018AP2.htmlurl,拜登 习主席 中美关系 ,11/11/2022 18:25:24,60
中国首艘国产航母山东舰实战化训练画面曝光,https://www.163.com/dy/article/HNGLDNQN0514R9OJ.htmlurl,,12/01/2022 13:02:36,80
艰难达成共识，欧盟同意对俄石油“动刀”，影响几何？,https://www.163.com/news/article/H8NFG8NN00018AOQ.htmlurl,欧盟 欧盟委员会 欧尔班 ,05/31/2022 18:37:20,60
巴西陆军选中意大利装甲车,https://www.163.com/dy/article/HNTA5NP10514BQ68.htmlurl,,12/06/2022 10:56:06,80
德国这一“防务政策重大改变”，悬了,https://www.163.com/dy/article/HNT8BSEI051481US.htmlurl,,12/06/2022 10:24:30,80
政法系统36年，公安厅原常务副厅长被查！多名“老公安”倒在退休后,https://www.163.com/news/article/H7GE8LFC00018AP2.htmlurl,纪委 自治区公安厅 公安厅 ,05/16/2022 14:41:02,60
特拉斯：“铁娘子”，还是“纸娘子”？,https://www.163.com/news/article/HK6D4E2L00018AP2.htmlurl,特拉斯 铁娘子 英国首相 ,10/21/2022 06:27:04,60
新加坡前外长杨荣文：中共遏制腐败的决心令世界惊叹！,https://www.163.com/news/article/HK3QAPOV00018AOR.htmlurl,杨荣文 新加坡 中国共产党 ,10/20/2022 06:30:08,60
与“老虎”周江勇有交集的原市委书记，获刑16年！两个细节首次披露,https://www.163.com/news/article/HLTH2D9O00018AOQ.htmlurl,周江勇 常委 杭州市委 ,11/11/2022 16:24:12,60
花巨资跑官买官的“70后”厅官，与爱写诗的老上司同日被公诉！,https://www.163.com/news/article/HLQQFVVE00018AOQ.htmlurl,戴炜 受贿罪 最高检 ,11/10/2022 15:11:11,60
外媒：乌外长敦促北约启动其加入程序,https://www.163.com/dy/article/HNGKTE2E0514R9OJ.htmlurl,,12/01/2022 12:53:41,80
为避开西方制裁，俄罗斯正考虑大招,https://www.163.com/news/article/H8MUIB9F00018AP2.htmlurl,俄罗斯 债券 外汇 ,05/31/2022 13:39:53,60
智库报告：美国近期对华压制行动24项，致“摊牌”概率上升,https://www.163.com/news/article/H8MKSN4500018AOQ.htmlurl,美国 军事 中美关系 ,05/31/2022 10:52:16,60
白宫：美国禁止购买俄罗斯石油补充战略储备,https://www.163.com/dy/article/HNT479Q80514BQ68.htmlurl,,12/06/2022 09:12:06,80
痴迷玉石的司法局原局长，忏悔书曝光！还有这三只老虎栽在“雅贿”上,https://www.163.com/news/article/H73JBFTS00018AP2.htmlurl,雅贿 倪发科 忏悔书 ,05/11/2022 15:02:00,60
深度 韩国启动“护国军演”，韩美空中联合演习也在路上……,https://www.163.com/news/article/HK08Q2Q600018AOQ.htmlurl,军演 演习 联合军演 ,10/18/2022 21:26:12,60
二十大后已有八“虎”被捕！已退休4年的他，和盛光祖、蔡鄂生、王富玉等都涉嫌这项罪名,https://www.163.com/news/article/HLJK2BTD00018AOQ.htmlurl,王富玉 蔡鄂生 盛光祖 ,11/07/2022 20:04:13,60
中纪委周末两天连打两“虎”！他们有一个共同点,https://www.163.com/news/article/HLJ0JEAC00018AOQ.htmlurl,打虎 中纪委 曹广晶 ,11/07/2022 14:24:01,60
美国亚伯拉罕·林肯号航母突发火灾 6人受伤,https://www.163.com/dy/article/HNG7P1U80514R9OJ.htmlurl,,12/01/2022 09:04:06,80
俄媒:美国政策不变、不会认定俄罗斯为＂支恐国家＂,https://www.163.com/dy/article/HNG3UFLG0514R9OJ.htmlurl,,12/01/2022 07:57:09,80
美俄高调展示！“高端战争”军备竞赛拉开？,https://www.163.com/news/article/H8L95TJ000018AP2.htmlurl,导弹 战略轰炸机 弹头 ,05/30/2022 22:03:26,60
美国贸易代表戴琪称：在实施“印太经济框架”上，我们将挑战极限,https://www.163.com/news/article/H8L2TT7E00018AP1.htmlurl,戴琪 美国 挑战极限 ,05/30/2022 20:18:47,60
俄外交部：俄方不会交出扎波罗热核电站控制权,https://www.163.com/dy/article/HNT41U4N0514R9OJ.htmlurl,,12/06/2022 09:09:10,80
乌克兰：24小时内，俄军32次空袭  ,https://www.163.com/dy/article/HNT3O4JU05504DPG.htmlurl,,12/06/2022 09:06:17,80
海军飞行学员多武器实弹攻击训练,https://www.163.com/dy/article/HNT43G140514R9OJ.htmlurl,,12/06/2022 09:10:02,79
多省公安系统人事调整，有一个显著特征,https://www.163.com/news/article/H6LSFHLU00018AOQ.htmlurl,公安厅 党委书记 许显辉 ,05/06/2022 07:14:15,60
英外交大臣叫嚣“遏制中国，保护台湾”，金一南痛快淋漓回击：你以为你是谁？,https://www.163.com/news/article/H6LPCN2200018AP2.htmlurl,金一南 北约 国务卿 ,05/06/2022 06:20:03,60
谁将为不断“烧钱”的乌克兰“星链”项目埋单？五角大楼和欧盟称正在考虑,https://www.163.com/news/article/HJVQ1IHF00018AOQ.htmlurl,乌克兰 五角大楼 欧盟 ,10/18/2022 17:08:09,60
白宫向特朗普开火：他的言论反犹，侮辱我们的盟友,https://www.163.com/news/article/HJVJFFJV00018AOR.htmlurl,唐纳德·特朗普 白宫 ,10/18/2022 15:13:19,60
华春莹发推讲述德企在华合作：“与中国脱钩？他们说不”,https://www.163.com/news/article/HLGKTQH900018AOR.htmlurl,华春莹 中国 外交部 ,11/06/2022 16:21:30,60
同一天，连打三“虎”！,https://www.163.com/news/article/HLEDC1N600018AP2.htmlurl,曹广晶 范一飞 宋希斌 ,11/05/2022 19:24:15,60
省纪委开大会后，本周6官员落马，其中3个老公安,https://www.163.com/news/article/HLB9GGR000018AP2.htmlurl,省纪委 公安厅 辽宁省委 ,11/04/2022 14:20:19,60
中俄进行联合空中战略巡航 轰炸机在对方机场降落,https://www.163.com/dy/article/HNG2Q3600514R9OJ.htmlurl,,12/01/2022 07:37:17,80
俄称被用于支持乌方的卫星或成打击目标,https://www.163.com/dy/article/HNG2Q24P0514R9OJ.htmlurl,,12/01/2022 07:37:16,80
轰-6K、歼-16和运油-20参加中俄联合空中战略巡航,https://www.163.com/dy/article/HNGOOCF80514R9OJ.htmlurl,,12/01/2022 14:00:50,79
提不提中国，“鲜明对比”！,https://www.163.com/news/article/H8JR25O500018AP2.htmlurl,阿尔巴 外交 澳政府 ,05/30/2022 08:37:27,60
微妙时刻，俄军高调“亮剑”为哪般？,https://www.163.com/news/article/H8I9LQ3100018AP2.htmlurl,导弹 高超音速导弹 俄军 ,05/29/2022 18:15:57,60
波兰问欧盟要钱：乌克兰难民太多，之前承诺的也没给,https://www.163.com/news/article/H8I1JD2900018AP1.htmlurl,波兰 乌克兰 难民 ,05/29/2022 15:58:28,60
美国校园枪案细节还原：8次求救电话警察迟迟不行动，学生靠装死逃生……,https://www.163.com/news/article/H8HUMB8700018AOQ.htmlurl,警察 美国 枪击事件 ,05/29/2022 15:07:17,60
普京：给参战士兵增加军饷,https://www.163.com/news/article/H8BSFGMO00018AOQ.htmlurl,普京 俄军 士兵 ,05/27/2022 06:33:14,60
美军B-21隐形轰炸机正面高清图,https://war.163.com/photoview/4T8E0001/2314191.htmlurl,美国 B-21 轰炸机 ,12/05/2022 09:09:07,99
俄军又一架苏-24M攻击机被击落,https://war.163.com/photoview/4T8E0001/2314193.htmlurl,俄罗斯 苏-24M 攻击机 ,12/05/2022 10:36:12,86
美以空军联合演习 F-15和F-35编队飞行,https://war.163.com/photoview/4T8E0001/2314192.htmlurl,美国 F-15 以色列 ,12/05/2022 09:13:38,86
神舟十四号载人飞船返回舱成功着陆,https://war.163.com/photoview/4T8E0001/2314190.htmlurl,神舟十四号 载人飞船 着陆 ,12/05/2022 09:05:12,86
蔡英文变“蔡EE”，台媒华视又双叒叕出错了…,https://www.163.com/news/article/H6FBI5DP00018AP1.htmlurl,蔡英文 华视 民进党 ,05/03/2022 18:22:16,60
“70后”张纳军已任青海省发改委主任，在“木里矿区”事件后从央企空降地方,https://www.163.com/news/article/H61V8LGK00018AOQ.htmlurl,张纳军 海西州委 文国栋 ,04/28/2022 13:38:07,60
涉嫌严重违纪违法！招行原行长田惠宇被查，在任近九年，大学室友也被查,https://www.163.com/news/article/H5KBNCTB00018AOQ.htmlurl,田惠宇 惠宇 招行 ,04/23/2022 06:46:30,60
首次公开亮相，深圳新任市委书记去了这两个地方！,https://www.163.com/news/article/H5HO77TH00018AP2.htmlurl,孟凡利 习近平 总书记 ,04/22/2022 06:19:12,60
“康老虎”康虎振将军逝世，曾在自卫反击战中重创敌王牌师,https://www.163.com/news/article/H5DHBHE700018AP2.htmlurl,康老虎 反击战 碧土 ,04/20/2022 15:10:37,60
孟凡利跨省履新广东省委副书记、深圳市委书记！15位副省级城市“一把手”调整到位，有三名“70后”,https://www.163.com/news/article/H5B78M6700018AOQ.htmlurl,孟凡利 广东省委 常委 ,04/19/2022 17:35:23,60
深度 北约为何不顾俄罗斯警告？欧洲会同时出现两场核威慑演习？,https://www.163.com/news/article/HJTLG52E00018AP2.htmlurl,北约 演习 俄罗斯 ,10/17/2022 21:04:01,60
深度 首相任期还没生菜保质期长？保守党酝酿换相，特拉斯会被抛弃吗？,https://www.163.com/news/article/HJR2Q3M100018AOQ.htmlurl,特拉斯 工党 撒切尔夫人 ,10/16/2022 21:05:09,60
印尼驻华大使：中国将在G20巴厘岛峰会发挥重要作用,https://www.163.com/news/article/HJL54B8R00018AP2.htmlurl,印尼 巴厘岛 驻华大使 ,10/14/2022 13:44:23,60
马来西亚将提前大选，97岁马哈蒂尔为何再次“出马”？,https://www.163.com/news/article/HJGF3B1100018AOQ.htmlurl,马哈蒂尔 马来西亚 大选 ,10/12/2022 18:08:14,60
深度 微妙时刻，阿联酋总统访俄会普京，谈能源和战争？,https://www.163.com/news/article/HJE6OPNR00018AOQ.htmlurl,普京 阿联酋 总统 ,10/11/2022 21:04:10,60
俄对乌实施导弹打击，双方恐陷入更残酷拉锯战,https://www.163.com/news/article/HJDV8NUQ00019SNS.htmlurl,导弹 普京 乌克兰 ,10/11/2022 18:44:00,60
上任仅14个月，为何马来西亚总理宣布解散国会？,https://www.163.com/news/article/HJDTCLTL00018AOQ.htmlurl,马来西亚 大选 国会 ,10/11/2022 18:20:15,60
外媒曝光美政府背后施压德国，干预中企汉堡港交易，外交部回应,https://www.163.com/news/article/HL8V8IJ600018AOR.htmlurl,外交部 德国政府 美政府 ,11/03/2022 16:48:12,60
党的二十大后首位外国政要来华访问，释放哪些重要信息？,https://www.163.com/news/article/HL0KDJHT00018AOQ.htmlurl,阮富仲 中越 越南 ,10/31/2022 11:04:48,60
总设计师揭秘直-20背后故事：不是抄袭“黑鹰”，而是超越,https://www.163.com/news/article/HKUHRNFV00018AOQ.htmlurl,黑鹰 直升机 运-20 ,10/30/2022 15:41:36,60
今起一周内，四国领导人密集访华！外交部深夜发布：王毅接受美驻华大使到任拜会,https://www.163.com/news/article/HKTL72B200018AOQ.htmlurl,王毅 外交部 驻华大使 ,10/30/2022 07:20:59,60
深度 二十大后首个重磅主场外交：越共总书记将访华传递哪些信息？,https://www.163.com/news/article/HKKSALFJ00018AOQ.htmlurl,阮富仲 总书记 外交 ,10/26/2022 21:32:07,60
省会城市原市长，官宣被查！履新半年被罢免重要职务,https://www.163.com/news/article/HKKOJSO400018AP2.htmlurl,刘文新 贵州省委 贵阳市委 ,10/26/2022 20:19:23,60
日本欲大幅提高防卫费 或超二战以来“红线”,https://www.163.com/dy/article/HNGBAQL00514R9OJ.htmlurl,,12/01/2022 10:06:14,79
乌克兰催西方提供“爱国者” 北约内部各有打算,https://www.163.com/dy/article/HNGADHLD0514BQ68.htmlurl,,12/01/2022 09:50:14,79
航行警告！渤海海峡执行军事任务,https://www.163.com/dy/article/HNG76TV70514R9OJ.htmlurl,,12/01/2022 08:54:12,79
飞行的黄金！美军B2轰炸机大象漫步,https://war.163.com/photoview/4T8E0001/2314183.htmlurl,美国 B2 轰炸机 ,11/30/2022 09:16:57,99
美B-21轰炸机12月2日亮相 着急服役与中国有关,https://www.163.com/dy/article/HNDMBOBG05504DPG.htmlurl,,11/30/2022 12:07:52,86
俄乌战场又发现新的苏34残骸 曾在叙作战,https://war.163.com/photoview/4T8E0001/2314184.htmlurl,苏34 战斗机 俄乌冲突 ,11/30/2022 09:20:57,86
中国周边，“萨德”将卷土重来？,https://www.163.com/news/article/H8AM2PJ500018AP2.htmlurl,萨德 反导系统 美军 ,05/26/2022 19:12:57,60
俄乌火炮对决！泽连斯基警告国民,https://www.163.com/news/article/H88BBIIK00018AP2.htmlurl,俄军 俄乌 泽连斯基 ,05/25/2022 21:35:58,60
乌克兰“顿巴斯营”投降人员：西方正用武器和金钱逼迫基辅作战,https://www.163.com/news/article/H87E416B00018AOQ.htmlurl,顿巴斯 乌克兰 基辅 ,05/25/2022 13:05:19,60
停战，血战？泽连斯基想见普京，基辛格支招,https://www.163.com/news/article/H873UH1T00018AP2.htmlurl,普京 基辛格 泽连斯基 ,05/25/2022 10:05:35,60
拜登涉台发言“偏离剧本”，幕僚们手忙脚乱，美媒嗅到“危险”气息？,https://www.163.com/news/article/H85I5EMA00018AP2.htmlurl,拜登 白宫 普京 ,05/24/2022 19:35:28,60
美国B-21亮相 对中国军队有何启示？,https://www.163.com/dy/article/HNOHUJ9V051481US.htmlurl,,12/04/2022 14:35:49,86
朱玉文被查！曾任职“煤炭基地”和“中华粮仓”,https://www.163.com/news/article/H58SL03300018AOQ.htmlurl,朱玉文 鸡西市委 ,04/18/2022 19:51:25,60
民进党求战，是要把台湾推向深渊,https://www.163.com/news/article/H4TMCVPU00018AOQ.htmlurl,民进党 台湾 台独 ,04/14/2022 11:30:31,60
台媒披露：美参议员团今晚抵台要见蔡英文,https://www.163.com/news/article/H4TIMTFF00018AOQ.htmlurl,蔡英文 台湾当局 拜登 ,04/14/2022 09:52:22,60
上任政协主席3个多月后，王勇被查,https://www.163.com/news/article/H4S230TT00018AOQ.htmlurl,王勇 政协主席 银川市政协 ,04/13/2022 20:16:18,60
97岁马哈蒂尔宣布：再次参选,https://www.163.com/news/article/HJDS4LCH00018AOQ.htmlurl,马哈蒂尔 大选 下议院 ,10/11/2022 17:58:23,60
外媒称德国总理朔尔茨将于11月访华，外交部回应,https://www.163.com/news/article/HJDK9AQJ00018AOR.htmlurl,外交部 德国 毛宁 ,10/11/2022 15:41:11,60
深度 军演、试射、军演、试射……朝鲜半岛“硬碰硬”，出路究竟在哪？,https://www.163.com/news/article/HJ93H79900018AP2.htmlurl,朝鲜半岛 军演 联合军演 ,10/09/2022 21:30:29,60
小汽车或为起爆器！俄媒分析克里米亚大桥爆炸相关细节,https://www.163.com/news/article/HJ8PKNBA00018AP2.htmlurl,克里 克里米亚 普京 ,10/09/2022 18:30:10,60
田惠宇被逮捕！公布“另有任用”4天后落马，大学室友、昔日同僚同日被查,https://www.163.com/news/article/HKKHQDKO00018AP2.htmlurl,田惠宇 孙德顺 落马 ,10/26/2022 18:19:50,60
“朋友越多越好”！关于“大国外交”，这场重磅记者会讲透了！,https://www.163.com/news/article/HKBKNPNH00018AOQ.htmlurl,大国外交 金砖国家 华春莹 ,10/23/2022 07:26:19,60
外媒:宝马MINI电动车一条生产线将从“故乡”牛津转移到中国,https://www.163.com/news/article/HJQM929A00018AP2.htmlurl,mini 宝马 电动车 ,10/16/2022 17:25:58,60
中美如何正确相处？孙业礼：我们不欺负别人，也不允许别人欺负我们,https://www.163.com/news/article/HJO718OE00018AOQ.htmlurl,孙业礼 中美关系 习近平 ,10/15/2022 18:21:14,60
“嫦娥一号”卫星总设计师兼总指挥叶培建：发射成功后，这件事让他非常难受,https://www.163.com/news/article/HJCQU39H00018AP2.htmlurl,叶培建 嫦娥一号 卫星 ,10/11/2022 08:13:30,60
新疆军区侦查演习 大狙醒目,https://war.163.com/photoview/4T8E0001/2314182.htmlurl,新疆军区 侦查演习 ,11/30/2022 09:05:30,86
大洋上空法军特种部队伞降到航母甲板上,https://war.163.com/photoview/4T8E0001/2314181.htmlurl,法国 特种部队 跳伞 ,11/30/2022 08:59:07,86
金正恩再携＂宝贵女儿＂亮相 此次导弹试射为何特殊?,https://www.163.com/dy/article/HNDTD9I50514BE2Q.htmlurl,,11/30/2022 11:24:47,81
核按钮在手！普京会不会按？红线在哪？,https://www.163.com/news/article/H85GJI6600018AOQ.htmlurl,核武器 陆基 弹道导弹 ,05/24/2022 19:10:17,60
白宫高官：中美元首可能在未来几周内对话,https://www.163.com/news/article/H7R30JBH00018AP2.htmlurl,白宫 拜登 杨洁篪 ,05/20/2022 17:59:27,60
分析 芬兰瑞典申请“入约”:一个更强大的北约?一个不堪重负的北约？,https://www.163.com/news/article/H7GVQOM800018AP2.htmlurl,北约 芬兰 瑞典 ,05/16/2022 19:44:41,60
俄罗斯议员：乌克兰之后，下一个“去纳粹化”的国家是波兰,https://www.163.com/news/article/H7E5KT0V00018AP1.htmlurl,俄罗斯 乌克兰 波兰 ,05/15/2022 17:36:13,60
俄媒：俄空军恩格斯基地方向可能发生爆炸,https://www.163.com/dy/article/HNR9188L0514R9OJ.htmlurl,,12/05/2022 15:57:42,81
马克龙暗示“应保障俄罗斯安全” 遭多国炮轰,https://www.163.com/dy/article/HNQHCQTA051481US.htmlurl,,12/05/2022 09:04:53,81
美国B-21隐形轰炸机高调发布 美防长:针对中国,https://www.163.com/dy/article/HNQB6DHB0514R9OJ.htmlurl,,12/05/2022 07:16:14,81
巴赫穆特：俄乌陷入消耗战之后最血腥的战场,https://www.163.com/dy/article/HNPJ8RLE0552G199.htmlurl,,12/05/2022 07:10:50,81
这个县，连续三任县委书记落马！,https://www.163.com/news/article/H4QNDR0P00018AP2.htmlurl,纪委 受贿 蓬安 ,04/13/2022 07:46:05,60
浙江三地市长同日官宣履新！11个设区市，“70后”党政主官近6成,https://www.163.com/news/article/H4QHPK2F00018AP2.htmlurl,常委 宁波市委 温州市委 ,04/13/2022 06:07:01,60
“反对以胁迫方式要求别国选边站”，王毅同塞尔维亚外长通话，这句话别有深意,https://www.163.com/news/article/H4GRSD6100018AP2.htmlurl,王毅 塞尔维亚 习近平 ,04/09/2022 11:54:50,60
俄乌战事持续下，普京低调庆祝70岁生日,https://www.163.com/news/article/HJ5UOHIQ00018AOQ.htmlurl,普京 生日 俄乌 ,10/08/2022 16:10:19,60
特拉斯发表首次保守党会议演讲，暗示“剧变”即将到来,https://www.163.com/news/article/HIULTN2A00018AOQ.htmlurl,特拉斯 英国首相 保守党 ,10/05/2022 20:21:11,60
泽连斯基紧急发声，欧盟内部反应不一,https://www.163.com/news/article/HHVJLGGT00018AP2.htmlurl,泽连斯基 普京 车臣 ,09/23/2022 18:41:12,60
深度 意大利和保加利亚即将大选：欧洲对俄制裁决心的重大考验？,https://www.163.com/news/article/HHO64QJD00018AP2.htmlurl,保加利亚 意大利 欧洲 ,09/20/2022 21:24:08,60
退休8年，成都市政府原副秘书长兰成璋被开除党籍：按规定取消其享受的待遇,https://www.163.com/news/article/HI18U3OS00018AOQ.htmlurl,成璋 成都市政府 办公厅 ,09/24/2022 10:16:13,60
受贿900万名下“无车无房无存款”，坐拥36套房还要租房住…贪官们表演清廉戏码多,https://www.163.com/news/article/HHV14FD100018AOQ.htmlurl,受贿 魏鹏远 张军 ,09/23/2022 13:21:24,60
今年落马的第二“虎”被捕，新罪名首次披露！被查后亲弟弟失联,https://www.163.com/news/article/HH5I9LQC00018AP2.htmlurl,胡怀邦 赖小民 落马 ,09/13/2022 15:58:03,60
社评：苏纳克对华放硬话，有英国人还嫌“软”,https://www.163.com/dy/article/HNDKE2QV0514R9OJ.htmlurl,,11/30/2022 08:47:35,81
俄副总理：希望中方参与俄天然气项目,https://www.163.com/dy/article/HNCQD87D051481US.htmlurl,,11/30/2022 01:12:44,81
俄媒：俄方警告或打击西方在乌使用的准民用卫星,https://www.163.com/dy/article/HNE64PEF0514BQ68.htmlurl,,11/30/2022 13:57:04,80
英国拟立法严打激进示威，给香港网友看乐了：哎呀，窜逃英国的“手足”小心啦,https://www.163.com/news/article/H74D1TEF00018AP1.htmlurl,英国 英国政府 香港 ,05/11/2022 22:31:43,60
《纽约时报》敲打德国：宝马大众都是纳粹财富的继承人,https://www.163.com/news/article/H73Q77D700018AP1.htmlurl,纳粹 德国 希特勒 ,05/11/2022 17:00:39,60
美国驻日本大使口气不小：亚洲国家对俄乌冲突的反应已警告中俄，若发动战争将无法逍遥法外,https://www.163.com/news/article/H7121N3G00018AP1.htmlurl,俄乌冲突 美国 日本 ,05/10/2022 15:22:10,60
美媒揭露：通过扫描俄罗斯阵亡士兵面部，乌克兰向其亲属发送遗体照片,https://www.163.com/news/article/H582UFR800018AP1.htmlurl,乌克兰 俄罗斯 士兵 ,04/18/2022 12:21:40,60
就在美国突然曝光＂大杀器＂后 日本也有危险动作！,https://www.163.com/dy/article/HNPD3C2I0514R9OJ.htmlurl,,12/04/2022 22:30:17,81
俄议员：西方若参与俄乌冲突 或引发＂太空战＂,https://www.163.com/dy/article/HNP5SIK30514R9P4.htmlurl,,12/04/2022 20:24:16,81
白俄罗斯财长：将继续用俄卢布购买俄能源,https://www.163.com/dy/article/HNR8DR3F0514R9OJ.htmlurl,,12/05/2022 15:47:06,80
俄梁赞州一运油车在机场发生爆炸 已造成3人死亡,https://www.163.com/dy/article/HNR6KJKF0514R9OJ.htmlurl,,12/05/2022 15:15:51,80
最老航母搭配最老巡洋舰：尼米兹号前往西太部署,https://www.163.com/dy/article/HNQM69JG051481US.htmlurl,,12/05/2022 10:28:24,80
萨尔瓦多派万名警察和士兵包围该国最大城市扫黑,https://www.163.com/dy/article/HNQGANO30514R9OJ.htmlurl,,12/05/2022 08:45:58,80
冷战机器瞄准中国？北约这场会，信息量巨大！,https://www.163.com/news/article/H4GK3IG800018AOQ.htmlurl,北约 冷战 欧盟 ,04/09/2022 09:40:18,60
王毅：若台湾问题处理不好，中加关系遭根本性损害,https://www.163.com/news/article/H48NGTCN00018AP1.htmlurl,王毅 习近平 加方 ,04/06/2022 08:05:49,60
北约秘书长又就俄乌冲突谴责中国，中方已多次回应！,https://www.163.com/news/article/H47QD2QN00018AOR.htmlurl,北约 俄乌冲突 联合国宪章 ,04/05/2022 23:32:00,60
美国对华最新经济战略并不取消盟友关税，是否邀请台当局尚不确定,https://www.163.com/news/article/H3S3UD5C00018AP1.htmlurl,关税 美国 台湾当局 ,04/01/2022 10:31:56,60
又是一年四月一 王伟烈士墓前摆满战机模型,https://www.163.com/news/article/H3ROEOG000018AP2.htmlurl,王伟 烈士 烈士墓 ,04/01/2022 07:05:31,60
外交女将又开怼，最新语录来了！,https://www.163.com/news/article/HHNVUU7800018AP2.htmlurl,外交 外交部 拉夫罗夫 ,09/20/2022 19:40:31,60
亚美尼亚和阿塞拜疆达成停火协议，双方收手了？此轮流血冲突为何而起？,https://www.163.com/news/article/HH8G1EDT00018AP2.htmlurl,亚美尼亚 阿塞拜疆 停火 ,09/14/2022 19:11:05,60
拜登现场吐槽：全球前25机场没有一个是美国的，我们到底是怎么了？,https://www.163.com/news/article/HH4R5R0500018AOR.htmlurl,拜登 美国 机场 ,09/13/2022 09:16:24,60
深度 联大明天开幕，疫情以来首次重返线下，将有哪些看点？,https://www.163.com/news/article/HH3HS6TO00018AOQ.htmlurl,联大 联合国 外交 ,09/12/2022 21:15:12,60
俄乌战场，形势正发生重大变化！,https://www.163.com/news/article/HGVJOM9M00018AP2.htmlurl,俄军 战场 俄乌 ,09/11/2022 08:30:42,60
青海省纪委通报违反八项规定典型：趁上级领导父亲去世送2万礼金,https://www.163.com/news/article/HGT5DUP800018AOQ.htmlurl,青海省纪委 文国栋 ,09/10/2022 09:06:02,60
湖南纪委通报谢高进被开除党籍：大吃大喝并食用野生保护动物,https://www.163.com/news/article/HGS16LPB00018AOQ.htmlurl,谢高进 纪委 被开除 ,09/09/2022 22:36:04,60
罕见！今年中纪委这份名单点名十“虎”，“八项规定”和“中央八项规定精神”一样吗？,https://www.163.com/news/article/HGJMPR9U00018AOQ.htmlurl,中央八项规定 八项规定 ,09/06/2022 17:33:31,60
五省市同日宣布省级党委常委履新，其中四人为“戎装常委”,https://www.163.com/news/article/HG9S0M1C00018AOQ.htmlurl,常委 陕西省委 贵州省委 ,09/02/2022 21:52:12,60
“台独”分子逃到海外怎么办？专家：通过司法协助条约缉拿归案,https://www.163.com/news/article/HFQINC2400018AOQ.htmlurl,台独 中华人民共和国刑法 ,08/27/2022 22:36:30,60
被免24天后，这名中央候补委员成今年首个受处分“正部级”，这些原因让他被从轻处理,https://www.163.com/news/article/HFNINBVL00018AOQ.htmlurl,山西省政协 中央纪委 政协 ,08/26/2022 19:23:20,60
欧盟从俄进口液化天然气创纪录,https://www.163.com/dy/article/HNE59KAN0514R9OJ.htmlurl,,11/30/2022 13:42:14,80
美国防部：美国没有计划对乌提供“爱国者”导弹,https://www.163.com/dy/article/HNE44M8K0514R9OJ.htmlurl,,11/30/2022 13:22:04,80
已至少向23个国在线演讲，泽连斯基全球演讲中有多少策略和“心机” ？,https://www.163.com/news/article/H4TGSLNC00018AOQ.htmlurl,泽连斯基 拉扎尔 丘吉尔 ,04/14/2022 09:54:14,60
40年来首次“破8”！美国3月CPI再涨，拜登支持率再跌,https://www.163.com/news/article/H4S0J6KB00018AP2.htmlurl,拜登 美国 美联储 ,04/13/2022 19:49:42,60
人物夏巴兹·谢里夫：“突然”走到台前的巴基斯坦新总理,https://www.163.com/news/article/H4PAE15100018AOQ.htmlurl,夏巴兹 巴基斯坦 谢里夫 ,04/12/2022 18:44:24,60
拉夫罗夫：俄罗斯意在终结美国主导的世界秩序,https://www.163.com/news/article/H4OHO6TH00018AP1.htmlurl,拉夫罗夫 俄罗斯 美国 ,04/12/2022 11:32:38,60
奥地利总理与普京会谈后，称此行“不是一次友好访问”,https://www.163.com/news/article/H4OERC2400018AP1.htmlurl,普京 奥地利 向普京 ,04/12/2022 10:41:40,60
巴基斯坦总理被罢免：为何发生？谁将接班？意味着什么？,https://www.163.com/news/article/H4KC6LCT00018AP2.htmlurl,巴基斯坦 谢里夫 ,04/10/2022 20:37:24,60
北约秘书长声称：计划在东翼边境永久驻军以应对俄乌冲突，“中国同样令人担忧”,https://www.163.com/news/article/H4K4858K00018AP1.htmlurl,北约 俄乌冲突 斯托尔 ,04/10/2022 18:19:51,60
“俄欧关系，已没有回头路了”,https://www.163.com/news/article/H4JSTOQ400018AP2.htmlurl,欧盟 回头路 韦斯塔 ,04/10/2022 16:06:17,60
俄罗斯发出信号 普京将在适当时候视察顿巴斯地区,https://www.163.com/dy/article/HNQCCT630514R9OJ.htmlurl,,12/05/2022 07:37:15,80
美媒：星链升级为星盾 针对国家安全和军事部门,https://www.163.com/dy/article/HNQB6DAB0514R9OJ.htmlurl,,12/05/2022 07:16:14,80
美侦察船在南海活动频繁，试图立体监控南海,https://www.163.com/dy/article/HNQ95KAS0514R9P4.htmlurl,,12/05/2022 06:40:53,80
日媒：日美考虑共同研发高超音速滑翔武器拦截技术,https://www.163.com/dy/article/HNP02CGK0514BQ68.htmlurl,,12/04/2022 18:42:33,80
俄罗斯一居民楼爆炸 致6人死亡10人受伤,https://www.163.com/dy/article/HNQKGJ2R0514R9OJ.htmlurl,,12/05/2022 09:59:21,79
日媒：日本欲建＂冲绳防卫集团＂ 兵力增加到3000人,https://www.163.com/dy/article/HNQCCNCP0514R9OJ.htmlurl,,12/05/2022 07:37:09,79
完全隐形！俄“水星”号护卫舰最后一次海试,https://www.163.com/dy/article/HNNVA2610514EGPO.htmlurl,,12/04/2022 09:10:25,99
美高调公开B-21新型轰炸机，意在威慑和警告对手,https://www.163.com/dy/article/HNNR928T0514R9P4.htmlurl,,12/04/2022 10:49:29,86
俄乌激战巴赫穆特 小城何以成为前线焦点,https://www.163.com/dy/article/HNL4R3J50514R9P4.htmlurl,,12/04/2022 10:49:11,86
傅政华被“双开”！中纪委通报措辞极其严厉，另一只“老虎”被点名,https://www.163.com/news/article/H3RKMJ5V00018AP2.htmlurl,傅政华 中纪委 中央纪委 ,04/01/2022 06:01:01,60
＂70后刘强主政济南 成全国最年轻副省级城市＂一把手＂,https://www.163.com/news/article/H3ILN0OC00018AP2.htmlurl,刘强 常委 山东省委 ,03/28/2022 18:27:16,60
美国操弄台湾与立陶宛“抗中”，台教授：立做“替死鬼”，台做“冤大头”,https://www.163.com/news/article/H3HEEUD300018AOR.htmlurl,立陶宛 台湾 美国 ,03/28/2022 06:59:00,60
内地全方位援港抗疫，区议员：香港也要争气，不能拖国家后腿,https://www.163.com/news/article/H2U8C38800018AP1.htmlurl,香港 特区政府 区议员 ,03/20/2022 20:12:29,60
中方不接受“美式傲慢”，@拜登 听懂没？,https://www.163.com/news/article/H2TVE9P400018AP1.htmlurl,拜登 北约 乌克兰 ,03/20/2022 17:37:32,60
欲施压中国，拜登却领到了两句中国老话,https://www.163.com/news/article/H2ROPKUE00018AP1.htmlurl,拜登 白宫 中美关系 ,03/19/2022 21:01:42,60
欧洲“气荒”，武契奇却很淡定，因与普京有约！,https://www.163.com/news/article/HGJFHF1H00018AOQ.htmlurl,普京 武契奇 佩斯科夫 ,09/06/2022 15:26:26,60
普京这堂“历史公开课”，不简单！,https://www.163.com/news/article/HGCA7OTR00018AOQ.htmlurl,普京 北约 加里宁格勒 ,09/03/2022 20:39:13,60
三个关键点，决定俄乌战事走向！,https://www.163.com/news/article/HF6P4C3D00018AP2.htmlurl,俄乌 俄军 国防部 ,08/20/2022 06:40:12,60
美媒：美国务院劝国会，将俄罗斯列为支恐国家会导致“严重问题”,https://www.163.com/news/article/HF5U928G00018AP1.htmlurl,俄罗斯 国务院 严重问题 ,08/19/2022 22:59:02,60
克里米亚又一俄军事设施发生爆炸，乌方称要“在俄军内部制造混乱”？,https://www.163.com/news/article/HF04HEMF00018AOQ.htmlurl,克里米亚 乌方 俄军 ,08/17/2022 16:53:05,60
中纪委机关刊披露！市委原书记带头违纪，落马后当地一大批干部被查,https://www.163.com/news/article/HFCPR7UU00018AOQ.htmlurl,打虎 中纪委 史文清 ,08/22/2022 14:56:19,60
外交部严正警告：不要一错再错！人民日报五天连发五问，揭批美方种种谬论,https://www.163.com/news/article/HF9CI76P00018AP2.htmlurl,外交部 国防部 汪文斌 ,08/21/2022 07:04:55,60
退休5年落马，今年河北“首虎”被逮捕！老上司被指与人通奸,https://www.163.com/news/article/HEVL4UAD00018AP2.htmlurl,梁滨 河北省委 省委 ,08/17/2022 12:21:30,60
非法持枪的“江西虎”被判死缓！通报中这两个词不常见,https://www.163.com/news/article/HETRSG8700018AOQ.htmlurl,史文清 受贿 ,08/16/2022 19:43:21,60
三个月三次调整职务，他最终落马！曾与今年最特殊的“老虎”共事,https://www.163.com/news/article/HEGRN31600018AP2.htmlurl,自治区党委 吴忠市委 ,08/11/2022 18:27:52,60
中纪委机关报披露最新细节：自首的原州长，姐妹俩一起贪腐！,https://www.163.com/news/article/HEDQUPO600018AP2.htmlurl,州长 纪委 文山州委 ,08/10/2022 14:18:27,60
人民空军开辟警巡战巡新航迹：飞了过去没有飞过的航线，到了过去没有到过的空域,https://www.163.com/news/article/HED2M8K700018AOQ.htmlurl,人民空军 中国空军 战机 ,08/10/2022 07:15:12,60
加码威胁俄罗斯？北约秘书长：北约计划在其边界地区部署“永久性军事力量”,https://www.163.com/news/article/H4JE7GGV00018AOR.htmlurl,北约 俄罗斯 普京 ,04/10/2022 11:43:00,60
“他陪我度过最痛苦的5年!” 朴槿惠穿粉色西服出镜 力挺律师竞选市长,https://www.163.com/news/article/H4E1OE2L00018AOR.htmlurl,朴槿惠 西服 柳荣夏 ,04/08/2022 09:33:00,60
参考快评 俄乌战事的“意料之外”，有何启示？,https://www.163.com/news/article/H3S8606D00018AOQ.htmlurl,俄军 俄乌 导弹 ,04/01/2022 11:37:06,60
贾巴尔：威尔·史密斯的一巴掌加剧了人们对黑人的刻板印象,https://www.163.com/news/article/H3Q6AKKD00018AP1.htmlurl,贾巴尔 威尔·史密斯 黑人 ,03/31/2022 16:34:36,60
俄乌冲突正在改写美国中期选举剧本：乌克兰是民主党的“救星”还是“克星”？,https://www.163.com/news/article/H3IO7HT400018AP2.htmlurl,民主党 中期选举 共和党 ,03/28/2022 19:06:44,60
千钧一发！美军两艘军舰差点相撞的瞬间,https://war.163.com/photoview/4T8E0001/2314189.htmlurl,美国 军舰 相撞 ,12/02/2022 09:35:29,86
驻日美军F-35B滑行中机头磕地 损失惨重,https://war.163.com/photoview/4T8E0001/2314187.htmlurl,驻日美军 F-35B ,12/02/2022 09:17:09,86
专家：中方用“前所有未的坦率”指出中美关系当前困境,https://www.163.com/news/article/H2R7710S00018AP1.htmlurl,中美关系 拜登 外交 ,03/19/2022 15:54:37,60
深度 中美今年首次高层会晤，“罗马之约”谈什么？,https://www.163.com/news/article/H2ETDM0M00018AOQ.htmlurl,中美关系 杨洁篪 阮宗泽 ,03/14/2022 21:13:13,60
外媒关注“中国硅谷”疫情：富士康45万人厂区停运，多家产业链公司受影响,https://www.163.com/news/article/H2EE8MCG00018AP1.htmlurl,富士康 厂区 中国硅谷 ,03/14/2022 16:47:22,60
港媒：部分香港市民和外籍人士无视限聚令，不戴口罩在沙滩聚集,https://www.163.com/news/article/H2ECJABL00018AP1.htmlurl,沙滩 香港 石澳 ,03/14/2022 16:18:41,60
妻子在个人品牌网站将台湾列为“国家”，安贤洙被君乐宝中止合作关系,https://www.163.com/news/article/H2EAA11L00018AP1.htmlurl,安贤洙 乐宝 短道速滑 ,03/14/2022 15:36:54,60
深度 从“搜家”到问罪，经历魔幻一周后，特朗普来到“至暗时刻”？,https://www.163.com/news/article/HEOROSD600018AP2.htmlurl,唐纳德·特朗普 共和党 ,08/14/2022 21:04:49,60
北约搞“空中屏障”，俄罗斯如何突防？,https://www.163.com/news/article/HEJF1GNQ00018AOQ.htmlurl,俄罗斯 杜文龙 导弹 ,08/12/2022 18:46:28,60
扎波罗热再次拉响“核警报”，最坏情况引担忧……,https://www.163.com/news/article/HEJDP5BD00018AP2.htmlurl,扎波罗热 国际原子能机构 ,08/12/2022 18:23:51,60
佩洛西称“中国最自由”？葫芦里卖的什么药,https://www.163.com/news/article/HEDE3ET700018AP1.htmlurl,佩洛西 拜登 美国政府 ,08/10/2022 10:33:46,60
深度 俄罗斯做出这个动作后，俄美核军控“唯一支柱”将受何影响？,https://www.163.com/news/article/HEBUVV2200018AOQ.htmlurl,俄罗斯 核武器 外交 ,08/09/2022 20:51:16,60
中韩外长会晤前夕，尹锡悦最新表态,https://www.163.com/news/article/HE8R5BO70001899O.htmlurl,尹锡悦 外交部 韩国政府 ,08/08/2022 15:47:40,60
“80后”女正厅段颖被查！30岁就已任县长,https://www.163.com/news/article/HEBL367S00018AP2.htmlurl,段颖 纪委 云南省委 ,08/09/2022 17:54:01,60
华春莹深夜发帖：味觉不会欺骗,https://www.163.com/news/article/HE8CIB8200018AOQ.htmlurl,华春莹 外交部 台湾省 ,08/08/2022 11:31:34,60
73岁贪官获刑11年！退而不休，以“老书记”“老厅长”身份游走政商间,https://www.163.com/news/article/HE15PACI00018AOQ.htmlurl,受贿罪 中级人民法院 受贿 ,08/05/2022 16:18:16,60
这次，唯独日本跳得高,https://www.163.com/news/article/HE10TK5U00018AOQ.htmlurl,日本 外交 华春莹 ,08/05/2022 14:53:22,60
人体血液中首次发现微塑料颗粒，对健康的影响尚不清楚,https://www.163.com/news/article/H3HRNK8I00018AP1.htmlurl,塑料 血液 聚苯乙烯 ,03/28/2022 10:56:52,60
英媒：西方厂商走了，俄罗斯把目光转向中印,https://www.163.com/news/article/H3DEO49900018AP1.htmlurl,俄罗斯 伊朗 印度 ,03/26/2022 17:51:44,60
乌克兰官方拿叙利亚作比较卖惨引网民暴怒，结果数据还是错的…,https://www.163.com/news/article/H3ATJDBE00018AP1.htmlurl,叙利亚 乌克兰 乌克兰政府 ,03/25/2022 18:12:33,60
东航事故后，多国首脑、驻华大使馆发文慰问,https://www.163.com/news/article/H338R4J600018AP1.htmlurl,巴基斯坦 东航 慰问电 ,03/22/2022 18:56:18,60
“战时总统”形象有人买账，捷克设计师卖“泽连斯基肖像枕头”,https://www.163.com/news/article/H2TVVPMQ00018AP1.htmlurl,泽连斯基 设计师 捷克 ,03/20/2022 17:45:50,60
全国政协委员建议“取消房屋公摊面积”引发关注，为何备受争议？该不该取消？,https://www.163.com/news/article/H20VUTJD00018AP2.htmlurl,公摊面积 商品房 住宅 ,03/09/2022 11:28:10,60
车规级芯片成两会热点，人大代表：自主可控时不我待,https://www.163.com/news/article/H1MFCNI700018AP1.htmlurl,芯片 汽车 规级 ,03/05/2022 09:26:09,60
驻美大使秦刚访问特斯拉美国工厂，马斯克陪同参观，传递出什么信号？,https://www.163.com/news/article/H1L39SI100018AOQ.htmlurl,马斯克 特斯拉 秦刚 ,03/04/2022 20:35:46,60
台媒：蓬佩奥窜访台湾充当“监军”，想争取台湾退抚基金、劳退基金投资其关联公司,https://www.163.com/news/article/H1KQVH8U00018AP1.htmlurl,蓬佩奥 台湾 民进党 ,03/04/2022 18:09:01,60
这时候，美媒曝光拜登政府想这样对付普京！,https://www.163.com/news/article/H1JKD8GJ00018AP2.htmlurl,拜登 普京 俄罗斯政府 ,03/04/2022 06:51:05,60
梅德韦杰夫点赞，“西方还是有正常人的”,https://www.163.com/news/article/HE8O931C00018AOQ.htmlurl,梅德韦杰夫 北约 ,08/08/2022 14:56:13,60
深度 尹锡悦政府首派高官访华，中韩外长“青岛之约”有何看点？,https://www.163.com/news/article/HE6QL6UU00018AOQ.htmlurl,尹锡悦 中韩 外交 ,08/07/2022 20:59:18,60
白宫:航母不走，导弹缓射；舆论:混乱，矛盾!,https://www.163.com/news/article/HE1AAF5K00018AP2.htmlurl,里根 白宫 弹道导弹 ,08/05/2022 17:36:41,60
华春莹反问外媒：台湾当局执意邀请佩洛西访台，问过台湾人民的民心民意吗？,https://www.163.com/news/article/HDUJ16CO00018AOR.htmlurl,华春莹 台湾当局 佩洛西 ,08/04/2022 16:09:00,60
向中纪委自首的“老虎”被公诉！受处分时多处表述十分罕见,https://www.163.com/news/article/HDU8GT1600018AP2.htmlurl,龚建华 江西省委 常委 ,08/04/2022 13:03:11,60
解放军台海演习为什么要从4日开始？,https://www.163.com/news/article/HDSF8KUV00019K82.htmlurl,演习 解放军 军事 ,08/03/2022 20:27:50,60
被大陆“制裁”后，一台企董事长火速卸任,https://www.163.com/news/article/HDSB8TVP00018AP1.htmlurl,国台办 基金会 台独 ,08/03/2022 19:17:18,60
诫勉、免职、降级后，这位原市委常委受审,https://www.163.com/news/article/HDMLG10U00018AP2.htmlurl,常委 纪委 督察组 ,08/01/2022 14:13:49,60
俄军：再次对乌军事目标发射“匕首”高超音速导弹,https://www.163.com/news/article/H2TSRU6600018AP1.htmlurl,高超音速导弹 俄军 导弹 ,03/20/2022 16:50:49,60
美防长与保加利亚总理会面当天，大楼外数百示威者高喊“北约滚出去”,https://www.163.com/news/article/H2TM4E5400018AP1.htmlurl,保加利亚 北约 国防部长 ,03/20/2022 14:54:46,60
美媒分析：“乌克兰中立”究竟意味着什么？,https://www.163.com/news/article/H2TGT22I00018AP1.htmlurl,乌克兰 中立 芬兰 ,03/20/2022 07:18:12,60
全国政协十三届五次会议首场新闻发布会，信息量很大! ,https://www.163.com/news/article/H1IA0B8J0001899N.htmlurl,政协 郭卫民 开幕会 ,03/03/2022 18:36:11,60
民进党当局继续蹭热点：蔡英文自曝要把一个月工资捐给乌克兰,https://www.163.com/news/article/H1G5GKJS00018AP1.htmlurl,蔡英文 民进党 乌克兰 ,03/02/2022 22:37:38,60
美国推迟“民兵3”洲际弹道导弹试射：为避免对华紧张关系升级,https://www.163.com/news/article/HE0TKOJ500018AP1.htmlurl,弹道导弹 五角大楼 美国 ,08/05/2022 13:54:48,60
台海军演开始，美国反诬中方“改变现状”,https://www.163.com/news/article/HE0MP77600018AP1.htmlurl,白宫 美国 美国政府 ,08/05/2022 11:54:17,60
彭博社：佩洛西窜台只是美国头痛的开始,https://www.163.com/news/article/HDS33LE000018AP1.htmlurl,佩洛西 美国 外交部 ,08/03/2022 16:54:23,60
外媒继续关注我新型舰载机：光洁的令人难以置信,https://www.163.com/news/article/HD2778JC00018AP1.htmlurl,舰载机 战机 原型机 ,07/24/2022 15:35:55,60
两周年，天问一号拍了颗“土豆”，美国俄罗斯日本为何都感兴趣？,https://www.163.com/news/article/HD02KB8O00018AOQ.htmlurl,天问一号 撞击坑 火星 ,07/23/2022 19:48:19,60
美媒：泽连斯基的最终目标，让西方摸不着头脑,https://www.163.com/news/article/H2RKHOGV00018AP1.htmlurl,泽连斯基 北约 乌克兰 ,03/19/2022 19:46:19,60
汉堡王称无法关闭在俄800家门店，因俄方合伙人不同意,https://www.163.com/news/article/H2QUGHTJ00018AP1.htmlurl,汉堡王 麦当劳 肯德基 ,03/19/2022 13:20:58,60
“我们的国旗是举得最高的！” 中国结、折柳寄情...冬奥闭幕式上这些中国式浪漫看哭了,https://www.163.com/news/article/H0MBCDDS00019SNS.htmlurl,中国结 冬奥会 国旗 ,02/20/2022 21:58:00,60
下周来华访问的外国元首，创下两个纪录,https://www.163.com/news/article/HD1ARIPD00018AP2.htmlurl,佐科 外交部 拜登 ,07/24/2022 07:31:02,60
俄气告知欧洲买家无法保证天然气供应，欧洲最担心的“断气”危机或将来临？,https://www.163.com/news/article/HCLHF2E500018AP2.htmlurl,天然气 欧洲 俄罗斯天然气 ,07/19/2022 17:33:02,60
南京发布评论：南京永远不会忘记,https://www.163.com/news/article/HCULVUB300018AP2.htmlurl,战犯 南京 南京大屠杀 ,07/23/2022 06:46:10,60
既想当官又想发财的副部，在落实中央重大决策部署时也敢搞腐败！,https://www.163.com/news/article/HC5QGONQ00018AP2.htmlurl,肖毅 中央纪委 江西省政协 ,07/13/2022 15:02:06,60
监狱政委主动投案后，被降为主任科员！高级警长、狱政科长等多人此前已落马,https://www.163.com/news/article/HC3C10TV00018AOQ.htmlurl,纪委 监狱 监狱长 ,07/12/2022 16:14:32,60
原中央委员被公诉，是十九大以来首个被指控这一罪名的“老虎”,https://www.163.com/news/article/HC0PAA1900018AOQ.htmlurl,武长顺 十九大 北京市委 ,07/11/2022 16:09:06,60
沙特阿联酋成了国际舞台大红人：约翰逊访问，岸田打电话,https://www.163.com/news/article/H2MQP9K500018AP1.htmlurl,约翰逊 沙特 阿联酋 ,03/17/2022 23:00:48,60
乌克兰要学瑞典、奥地利搞中立？俄乌各执一词,https://www.163.com/news/article/H2JTDCI400018AP1.htmlurl,乌克兰 奥地利 俄乌 ,03/16/2022 19:49:03,60
“9·11”事件纪念碑，将普京“除名”,https://www.163.com/news/article/H2JLK1FB00018AP1.htmlurl,普京 恐怖主义 9·11 ,03/16/2022 17:31:59,60
虎年首“虎”，是他！已创下十九大以来一项“纪录”,https://www.163.com/news/article/H0H78FRN00018AP2.htmlurl,李国华 常小兵 十九大 ,02/18/2022 22:07:19,60
“用乌克兰套台湾”的谬论，在东京出现了！,https://www.163.com/news/article/H0GV668400018AP2.htmlurl,乌克兰 台湾 自民党 ,02/18/2022 19:46:35,60
明查｜斯坦福大学取消谷爱凌入学资格？,https://www.163.com/news/article/H0FJQ2A600018AOR.htmlurl,谷爱凌 斯坦福大学 明查 ,02/18/2022 07:13:00,60
林郑月娥到口岸迎接内地抗疫队伍！叶刘淑仪：香港有1万多感染者未能入院,https://www.163.com/news/article/H0FFOT1G00018AOQ.htmlurl,林郑月娥 香港 叶刘淑仪 ,02/18/2022 06:02:33,60
深度 普京明天访问伊朗，“对美国的侧翼包抄”？,https://www.163.com/news/article/HCJDALI900018AP2.htmlurl,普京 伊朗 拜登 ,07/18/2022 21:41:34,60
最大规模“环太军演”？金一南：这是最不平等的国际秩序！,https://www.163.com/news/article/HBRAKV5Q00018AP2.htmlurl,金一南 太军演 军演 ,07/09/2022 13:09:15,60
一周外交观察：中方多位高层密集出访，有何深意？,https://www.163.com/news/article/HBB74GFP00018AP2.htmlurl,王毅 赵立坚 外交部 ,07/03/2022 07:01:02,60
波兰部长要求把俄罗斯踢出G20：换我们上,https://www.163.com/news/article/H2JFAJ8Q00018AP1.htmlurl,俄罗斯 波兰 战机 ,03/16/2022 15:41:56,60
台媒：台湾最大诈骗集团负责人沈长声于厦门隔离酒店突然死亡，曾吸金千亿新台币,https://www.163.com/news/article/H0DNCJ9G00018AP1.htmlurl,沈长声 台湾 台湾地区 ,02/17/2022 13:36:10,60
为什么人人都爱苏翊鸣？这个细节很重要,https://www.163.com/news/article/H0D59RS800018AP2.htmlurl,奥运会 苏翊鸣 冬奥会 ,02/17/2022 08:13:59,60
BBC报道苏翊鸣赛后采访，怎么不敢放他这句话？,https://www.163.com/news/article/H0C6F4GT00018AP1.htmlurl,苏翊鸣 推特 冬奥会 ,02/16/2022 23:21:28,60
武大靖卫冕失败，王濛看回放：黄大宪这个抬刀动作也太危险了,https://www.163.com/news/article/H04CC2VE00018AP1.htmlurl,武大靖 王濛 黄大宪 ,02/13/2022 22:31:15,60
乌克兰局势紧张 台军慌了：加强战备关注解放军动向,https://www.163.com/news/article/H03GUHEJ0001899O.htmlurl,台军 乌克兰 台湾当局 ,02/13/2022 14:33:13,60
